date,workflow,run_id,step,model,cost_usd,duration_ms,turns
2026-07-11,Scout,29143957324,writer,claude-sonnet-5,0.5673165,102070,17
2026-07-11,Scout,29143957324,verify,claude-sonnet-5,0.5673165,102070,17
2026-07-12,Scout,29184196754,writer,claude-sonnet-5,0.35715569999999996,94085,9
2026-07-12,Scout,29184196754,verify,claude-sonnet-5,0.35715569999999996,94085,9
2026-07-13,Scout,29234533885,writer,claude-sonnet-5,1.0207068000000004,393634,28
2026-07-13,Scout,29234533885,verify,claude-sonnet-5,1.0207068000000004,393634,28
2026-07-14,Scout,29313419998,writer,claude-sonnet-5,0.4935435,99417,16
2026-07-14,Scout,29313419998,verify,claude-sonnet-5,0.4935435,99417,16
2026-07-15,Scout,29396379340,writer,claude-sonnet-5,0.8852884999999999,311631,20
2026-07-15,Scout,29396379340,verify,claude-sonnet-5,0.8852884999999999,311631,20
2026-07-16,Scout,29479460433,writer,claude-sonnet-5,0.5113896,106268,15
2026-07-16,Scout,29479460433,verify,claude-sonnet-5,0.5113896,106268,15
2026-07-17,Scout,29562332469,writer,claude-sonnet-5,0.7444788,191951,20
2026-07-17,Scout,29562332469,verify,claude-sonnet-5,0.7444788,191951,20
2026-07-18,Scout,29634829684,writer,claude-sonnet-5,0.9957856999999999,252228,23
2026-07-18,Scout,29634829684,verify,claude-sonnet-5,0.9957856999999999,252228,23
2026-07-19,Scout,29678020144,writer,claude-sonnet-5,1.0943795999999997,202326,25
2026-07-19,Scout,29678020144,verify,claude-sonnet-5,1.0943795999999997,202326,25
2026-07-20,Scout,29726006373,writer,claude-sonnet-5,0.8869151999999999,209218,26
2026-07-20,Scout,29726006373,verify,claude-sonnet-5,0.8869151999999999,209218,26
2026-07-22,Scout,29900442086,writer,claude-sonnet-5,1.0536926,267009,22
2026-07-22,Scout,29900442086,verify,claude-sonnet-5,1.0536926,267009,22
2026-07-23,Scout,29988293882,writer,claude-sonnet-5,0.420987,110834,13
2026-07-23,Scout,29988293882,verify,claude-sonnet-5,0.420987,110834,13
